date,open,high,low,close,volume
2020-01-01,32237.9,32347.5,32058.55,32128.9,0
2020-01-02,32133.15,32463.1,32132.95,32432.65,0
2020-01-03,32326.95,32326.95,31962.25,32077.8,0
2020-01-06,31910.45,31910.45,31171.95,31228.7,0
2020-01-07,31598.05,31850.05,31201.5,31400.95,0
2020-01-08,30995.5,31448.65,30902.6,31355.3,0
2020-01-09,31748.25,32172.35,31706.1,32071.55,0
2020-01-10,32215.7,32345.2,31955.0,32081.9,0
2020-01-13,32139.1,32322.65,32075.6,32198.2,0
2020-01-14,32196.45,32196.45,31989.8,32061.45,0
2020-01-15,31994.75,31997.3,31671.5,31835.85,0
2020-01-16,31810.55,31988.4,31695.95,31849.45,0
2020-01-17,31571.65,31772.5,31454.35,31553.7,0
2020-01-20,31923.95,31923.95,31052.5,31097.7,0
2020-01-21,30978.85,31170.05,30862.0,30955.1,0
2020-01-22,31061.6,31147.75,30615.75,30691.85,0
2020-01-23,30742.2,31087.25,30624.45,31012.75,0
2020-01-24,31040.1,31374.15,30882.7,31257.0,0
2020-01-27,31110.55,31226.75,30808.8,30819.2,0
2020-01-28,30922.0,31048.25,30658.1,30780.7,0
2020-01-29,30915.1,31082.05,30839.95,30872.65,0
2020-01-30,30889.25,30894.9,30522.05,30620.0,0
2020-01-31,30950.5,31028.9,30692.9,30812.75,0
2020-02-01,30726.2,30918.55,29755.3,29814.75,0
2020-02-03,29811.75,30105.25,29615.3,30046.5,0
2020-02-04,30235.3,30776.15,30186.75,30679.8,0
2020-02-05,30761.95,31065.85,30633.1,31018.0,0
2020-02-06,31070.75,31465.3,30917.65,31286.7,0
2020-02-07,31367.05,31367.05,31111.6,31163.25,0
2020-02-10,31248.65,31248.65,30958.35,31066.3,0
2020-02-11,31230.2,31504.25,31230.2,31299.95,0
2020-02-12,31441.15,31588.6,31403.45,31482.65,0
2020-02-13,31586.55,31598.55,31181.35,31197.75,0
2020-02-14,31281.85,31435.15,30780.4,30861.95,0
2020-02-17,30873.85,30996.5,30632.0,30711.55,0
2020-02-18,30661.5,30680.7,30259.45,30618.65,0
2020-02-19,30905.0,30930.35,30608.35,30841.05,0
2020-02-20,30862.3,31082.0,30709.35,30939.55,0
2020-02-24,30666.35,30702.15,30429.4,30486.35,0
2020-02-25,30517.0,30609.9,30332.05,30465.25,0
2020-02-26,30279.95,30509.05,30135.1,30345.35,0
2020-02-27,30270.0,30270.0,29918.85,30164.6,0
2020-02-28,29501.55,29564.1,29053.4,29191.4,0
2020-03-02,29701.0,29778.65,28573.5,28913.4,0
2020-03-03,29012.55,29280.65,28755.9,29240.7,0
2020-03-04,29252.95,29252.95,28125.45,28671.25,0
2020-03-05,28830.3,29132.6,28538.55,28787.6,0
2020-03-06,27649.95,28042.5,27201.3,27780.45,0
2020-03-09,27031.45,27039.05,25940.4,26502.25,0
2020-03-11,26272.75,26784.2,26241.5,26458.25,0
2020-03-12,25175.9,25215.95,23613.1,24162.5,0
2020-03-13,22720.75,25654.95,21397.45,25346.35,0
2020-03-16,24061.6,24061.6,23012.4,23084.9,0
2020-03-17,23348.05,23448.4,22006.55,22103.9,0
2020-03-18,22411.85,22531.6,20269.45,20828.65,0
2020-03-19,19428.95,21032.75,18680.65,20042.7,0
2020-03-20,19898.3,20923.25,19265.55,20272.9,0
2020-03-23,18311.3,18891.4,16792.2,17015.0,0
2020-03-24,17705.85,17799.4,16118.1,17256.15,0
2020-03-25,16759.95,18735.7,16637.8,18536.9,0
2020-03-26,18781.85,20406.05,18371.4,19660.5,0
2020-03-27,20801.6,21450.95,19582.8,19931.1,0
2020-03-30,19254.45,19712.05,18672.2,18763.25,0
2020-03-31,19307.65,19463.9,18796.75,19051.4,0
2020-04-01,19122.4,19154.75,18044.85,18207.35,0
2020-04-03,18325.05,18325.05,17149.85,17317.65,0
2020-04-07,18454.55,19181.55,17957.35,19055.45,0
2020-04-08,18799.4,20318.0,18489.45,18936.2,0
2020-04-09,19553.15,19987.9,19170.65,19876.45,0
2020-04-13,19854.9,19884.8,19294.0,19531.95,0
2020-04-15,20096.35,20178.35,18777.4,19120.9,0
2020-04-16,18957.15,19517.1,18706.25,19494.35,0
2020-04-17,20394.75,20827.95,19735.7,20749.25,0
2020-04-20,21104.7,21113.45,20444.7,20488.55,0
2020-04-21,19812.05,19873.3,19254.45,19354.25,0
2020-04-22,19306.95,19804.8,19053.5,19744.9,0
2020-04-23,19871.35,20355.15,19597.75,20221.7,0
2020-04-24,19697.65,19949.45,19517.8,19636.6,0
2020-04-27,19870.8,20224.45,19866.45,20080.8,0
2020-04-28,20436.6,20748.5,20262.85,20739.0,0
2020-04-29,20440.4,21345.5,20417.3,20982.7,0
2020-04-30,21589.2,21966.65,21357.7,21478.45,0
2020-05-04,20514.75,20514.75,19645.65,19813.25,0
2020-05-05,20147.3,20221.75,19214.5,19333.35,0
2020-05-06,19302.45,19803.75,18943.95,19762.3,0
2020-05-07,19536.05,19754.55,19336.85,19528.4,0
2020-05-08,19844.0,19967.75,19287.2,19360.7,0
2020-05-11,19610.45,19729.6,18903.65,18974.8,0
2020-05-12,18751.4,18989.85,18291.15,18888.85,0
2020-05-13,20017.75,20088.2,19430.95,19643.35,0
2020-05-14,19197.7,19377.85,19026.0,19092.15,0
2020-05-15,19098.8,19104.1,18685.6,18818.2,0
2020-05-18,18795.1,18795.1,17518.6,17638.45,0
2020-05-19,18037.15,18172.8,17394.95,17520.55,0
2020-05-20,17486.5,17999.55,17415.05,17939.7,0
2020-05-21,17901.95,18199.8,17659.15,17740.15,0
2020-05-22,17554.25,17948.85,17108.35,17359.5,0
2020-05-26,17537.65,17677.85,17313.25,17506.5,0
2020-05-27,17603.4,18871.95,17561.5,18711.95,0
2020-05-28,18924.45,19450.5,18828.4,19156.3,0
2020-05-29,18962.0,19356.9,18732.05,19212.45,0
2020-06-01,19728.9,20222.85,19668.7,19917.7,0
2020-06-02,20120.6,20612.95,19856.8,20612.95,0
2020-06-03,20966.6,21613.25,20823.45,20918.5,0
2020-06-04,20932.35,21140.6,20317.35,20379.35,0
2020-06-05,20516.4,21196.35,20426.55,21177.4,0
2020-06-08,21636.1,21805.3,20916.45,21223.75,0
2020-06-09,21295.5,21566.95,20631.35,20653.85,0
2020-06-10,20760.95,21250.6,20673.95,21240.25,0
2020-06-11,21084.7,21238.45,20460.05,20534.4,0
2020-06-12,19529.3,20742.5,19529.3,20600.05,0
2020-06-15,20457.15,20457.15,19741.95,19924.2,0
2020-06-16,20500.65,20634.55,19510.35,20251.8,0
2020-06-17,20137.45,20624.8,19981.6,20197.1,0
2020-06-18,20137.6,21026.2,20033.3,20922.2,0
2020-06-19,20970.1,21466.65,20878.25,21332.95,0
2020-06-22,21491.55,22077.3,21464.65,21742.3,0
2020-06-23,21859.25,22321.0,21650.5,22315.1,0
2020-06-24,22479.35,22479.35,21340.25,21449.55,0
2020-06-25,21218.05,21700.65,20928.7,21504.75,0
2020-06-26,21735.05,21784.6,21326.2,21661.75,0
2020-06-29,21291.55,21436.1,21026.6,21370.25,0
2020-06-30,21524.3,21649.9,21214.9,21378.25,0
2020-07-01,21354.1,22060.75,21284.35,21892.55,0
2020-07-02,22133.8,22344.7,21890.6,21992.6,0
2020-07-03,22101.75,22126.8,21769.35,21854.0,0
2020-07-06,22270.95,22394.65,22171.75,22204.4,0
2020-07-07,22254.3,22671.6,22040.55,22570.55,0
2020-07-08,22700.9,23078.9,22501.4,22568.2,0
2020-07-09,22753.15,22994.5,22691.25,22954.9,0
2020-07-10,22720.95,22834.25,22323.35,22401.7,0
2020-07-13,22613.25,22650.05,21982.65,22113.85,0
2020-07-14,21877.6,21877.6,21225.55,21420.0,0
2020-07-15,21634.25,21934.75,21233.95,21414.05,0
2020-07-16,21453.25,21668.1,21028.0,21542.45,0
2020-07-17,21608.05,22060.85,21553.45,22057.45,0
2020-07-20,22307.3,22516.9,22199.5,22281.7,0
2020-07-21,22639.85,22860.9,22600.55,22802.95,0
2020-07-22,23159.0,23208.4,22658.75,22881.8,0
2020-07-23,22854.85,23117.1,22743.5,23109.2,0
2020-07-24,22853.2,22853.2,22418.6,22676.1,0
2020-07-27,22664.6,22664.6,21803.6,21854.8,0
2020-07-28,21940.15,22232.65,21615.0,22084.1,0
2020-07-29,22075.0,22340.4,21906.8,22067.4,0
2020-07-30,22195.05,22251.65,21580.85,21652.95,0
2020-07-31,21730.55,21799.9,21378.35,21656.0,0
2020-08-03,21543.8,21543.8,21034.0,21132.6,0
2020-08-04,21248.25,21574.3,21059.25,21487.2,0
2020-08-05,21686.85,21933.45,21449.15,21556.3,0
2020-08-06,21644.25,21924.5,21389.5,21666.75,0
2020-08-07,21620.25,21784.8,21459.2,21762.0,0
2020-08-10,21824.9,22067.6,21804.45,21927.15,0
2020-08-11,22050.2,22276.0,22043.15,22244.7,0
2020-08-12,22135.95,22324.3,21997.15,22244.45,0
2020-08-13,22395.2,22438.15,22142.1,22225.65,0
2020-08-14,22334.95,22334.95,21461.35,21695.65,0
2020-08-17,21906.95,21906.95,21404.05,21755.2,0
2020-08-18,21702.0,22225.65,21629.75,22159.7,0
2020-08-19,22315.4,22418.8,22236.5,22295.7,0
2020-08-20,21989.9,22078.15,21887.3,21980.65,0
2020-08-21,22190.7,22341.5,22169.55,22318.6,0
2020-08-24,22436.85,22897.0,22436.1,22811.2,0
2020-08-25,22973.4,23178.1,22859.05,23102.9,0
2020-08-26,23175.55,23451.55,23112.5,23437.8,0
2020-08-27,23511.45,23700.7,23497.1,23635.8,0
2020-08-28,23635.3,24608.7,23604.5,24577.0,0
2020-08-31,25038.8,25228.5,23387.3,23668.75,0
2020-09-01,23893.8,24198.85,23477.7,23847.4,0
2020-09-02,23769.0,23925.75,23486.3,23879.4,0
2020-09-03,23986.15,24050.25,23452.95,23576.25,0
2020-09-04,23119.15,23387.85,22878.05,23084.2,0
2020-09-07,23036.25,23107.45,22726.7,22979.8,0
2020-09-08,22971.2,23060.45,22650.1,22664.5,0
2020-09-09,22486.7,22550.15,22085.65,22293.85,0
2020-09-10,22466.55,22677.8,22226.8,22490.7,0
2020-09-11,22509.95,22667.6,22209.3,22509.35,0
2020-09-14,22683.35,22746.6,22034.75,22091.15,0
2020-09-15,22202.8,22512.85,22065.65,22512.35,0
2020-09-16,22476.3,22659.3,22217.6,22545.15,0
2020-09-17,22352.0,22503.3,22268.55,22324.45,0
2020-09-18,22439.35,22465.1,21791.2,22063.4,0
2020-09-21,21983.4,22094.2,21278.1,21292.75,0
2020-09-22,21445.25,21461.35,20959.35,21188.35,0
2020-09-23,21350.8,21358.3,20826.4,21247.3,0
2020-09-24,20898.8,20955.3,20407.45,20475.15,0
2020-09-25,20740.8,21061.3,20433.85,20934.25,0
2020-09-28,21152.05,21708.55,21055.1,21694.45,0
2020-09-29,21770.9,21811.5,21283.0,21436.15,0
2020-09-30,21405.25,21548.8,21129.25,21416.85,0
2020-10-01,21685.25,22292.55,21685.25,22234.55,0
2020-10-05,22352.1,22766.5,22248.85,22370.6,0
2020-10-06,22673.05,22888.35,22524.6,22836.8,0
2020-10-07,22836.95,23029.75,22612.8,22962.75,0
2020-10-08,23150.25,23450.55,23065.05,23171.95,0
2020-10-09,23312.6,23903.05,23136.05,23885.4,0
2020-10-12,23955.6,24186.75,23554.15,23706.9,0
2020-10-13,23663.05,23772.6,23435.4,23443.6,0
2020-10-14,23353.15,23958.15,23155.2,23858.65,0
2020-10-15,23920.35,24084.4,22971.45,23035.5,0
2020-10-16,23219.85,23636.75,23150.7,23528.4,0
2020-10-19,23902.9,24320.95,23758.75,24227.8,0
2020-10-20,24117.35,24409.75,24054.0,24303.95,0
2020-10-21,24444.2,24821.45,24103.0,24642.7,0
2020-10-22,24447.35,24688.6,24250.8,24479.3,0
2020-10-23,24669.2,24762.9,24360.85,24473.95,0
2020-10-26,24525.8,24525.8,23870.15,24101.55,0
2020-10-27,24288.05,24809.65,23926.55,24776.6,0
2020-10-28,24737.85,24780.05,24060.55,24277.4,0
2020-10-29,24063.5,24334.2,23825.05,24088.25,0
2020-10-30,24090.15,24277.35,23613.9,23898.85,0
2020-11-02,24367.6,25138.4,24128.65,24845.25,0
2020-11-03,25108.0,25760.1,25108.0,25674.35,0
2020-11-04,25539.55,25889.5,25145.95,25656.35,0
2020-11-05,26174.8,26373.65,26001.8,26316.75,0
2020-11-06,26274.1,26850.5,26147.5,26768.1,0
2020-11-09,27088.95,27590.4,27088.95,27582.25,0
2020-11-10,28039.45,28801.55,27917.8,28603.5,0
2020-11-11,28713.15,29028.75,28213.35,28886.8,0
2020-11-12,28633.75,28669.7,28068.9,28285.9,0
2020-11-13,28108.7,28518.2,27704.15,28466.0,0
2020-11-14,28685.7,28750.05,28433.8,28502.6,0
2020-11-17,28792.25,29238.75,28723.7,29216.65,0
2020-11-18,29107.9,29781.95,29058.1,29738.6,0
2020-11-19,29302.6,29624.75,28826.25,28837.65,0
2020-11-20,28935.75,29404.0,28582.5,29150.35,0
2020-11-23,29432.8,29476.25,28853.4,29031.45,0
2020-11-24,29265.6,29810.95,29230.9,29802.55,0
2020-11-25,30021.9,30196.75,29134.85,29196.55,0
2020-11-26,29370.4,29620.75,28925.45,29603.2,0
2020-11-27,29622.0,29692.65,29378.9,29584.55,0
2020-12-01,29844.8,29917.45,29511.05,29786.35,0
2020-12-02,29876.7,29881.35,29152.3,29431.3,0
2020-12-03,29728.9,29810.45,29381.45,29484.35,0
2020-12-04,29573.4,30155.35,29473.75,30138.3,0
2020-12-07,30062.6,30351.85,29951.25,30189.2,0
2020-12-08,30300.3,30363.2,30026.0,30237.4,0
2020-12-09,30335.05,30807.05,30335.05,30695.2,0
2020-12-10,30545.35,30606.35,30202.1,30514.9,0
2020-12-11,30555.3,30809.75,30328.65,30600.8,0
2020-12-14,30735.15,30844.0,30625.55,30746.05,0
2020-12-15,30805.4,30805.4,30348.15,30662.5,0
2020-12-16,30920.35,30920.35,30589.8,30667.7,0
2020-12-17,30791.2,30945.1,30649.5,30835.0,0
2020-12-18,30841.85,30847.05,30378.45,30652.45,0
2020-12-21,30595.8,30598.95,29203.95,29332.3,0
2020-12-22,29607.5,29710.65,28977.65,29633.85,0
2020-12-23,29560.75,29941.1,29447.45,29933.95,0
2020-12-24,30071.65,30543.75,30033.05,30374.7,0
2020-12-28,30558.85,30929.05,30558.85,30916.45,0
2020-12-29,31006.9,31358.6,31006.9,31349.6,0
2020-12-30,31479.8,31505.55,31009.55,31259.25,0
2020-12-31,31295.9,31406.7,31108.0,31237.8,0
2021-01-01,31297.3,31384.1,31192.0,31211.1,0
2021-01-04,31485.15,31487.9,30904.5,31275.15,0
2021-01-05,31041.1,31763.85,30951.55,31705.6,0
2021-01-06,31839.95,31978.05,31552.9,31739.4,0
2021-01-07,32129.8,32177.15,31911.85,31971.5,0
2021-01-08,32298.05,32298.05,32007.4,32078.15,0
2021-01-11,32280.3,32280.3,31837.9,32016.05,0
2021-01-12,31835.05,32393.95,31734.2,32353.85,0
2021-01-13,32546.6,32681.9,32155.1,32554.85,0
2021-01-14,32526.7,32718.5,32443.35,32569.6,0
2021-01-15,32508.9,32538.95,32046.8,32255.95,0
2021-01-18,32275.15,32439.0,31657.25,31678.55,0
2021-01-19,32082.9,32464.25,31865.3,32437.2,0
2021-01-20,32388.95,32606.1,32324.55,32496.95,0
2021-01-21,32732.8,32841.35,31988.9,32291.05,0
2021-01-22,32088.0,32108.3,31121.8,31177.95,0
2021-01-25,31507.15,31694.2,31019.0,31183.9,0
2021-01-27,31236.25,31278.1,30166.75,30295.75,0
2021-01-28,29812.3,30460.45,29694.95,30347.55,0
2021-01-29,30700.65,31108.95,30257.4,30612.8,0
2021-02-01,30976.35,33297.3,30909.2,33269.1,0
2021-02-02,33589.05,34643.45,33589.05,34315.3,0
2021-02-03,34555.6,34907.8,34018.4,34696.45,0
2021-02-04,34548.9,35408.05,34244.2,35322.35,0
2021-02-05,35634.95,36612.95,35546.15,35753.85,0
2021-02-08,36073.85,36461.65,35875.05,35995.5,0
2021-02-09,36058.8,36474.25,35641.65,35996.65,0
2021-02-10,36042.35,36226.95,35429.2,35901.65,0
2021-02-11,35687.25,36008.05,35573.65,35789.05,0
2021-02-12,35736.6,36322.0,35702.1,36124.2,0
2021-02-15,36501.4,37441.5,36446.55,37426.55,0
2021-02-16,37492.6,37703.05,36765.05,37127.45,0
2021-02-17,37041.95,37330.6,36766.3,36864.55,0
2021-02-18,37088.75,37088.75,36371.2,36610.6,0
2021-02-19,36371.55,36650.4,35587.75,35928.7,0
2021-02-22,35874.3,36127.0,35101.3,35165.5,0
2021-02-23,35540.55,35672.4,34986.5,35123.95,0
2021-02-24,35205.4,35637.2,35106.9,35626.6,0
2021-02-25,36763.15,37220.7,36494.4,36544.45,0
2021-02-26,35806.65,35806.65,34662.2,34849.4,0
2021-03-01,35374.25,35578.15,34987.0,35339.25,0
2021-03-02,35458.15,35747.05,35005.8,35473.95,0
2021-03-03,35754.45,36451.4,35638.15,36347.1,0
2021-03-04,35575.65,36312.95,35522.4,35834.15,0
2021-03-05,35458.5,35608.55,34899.2,35333.8,0
2021-03-08,35462.45,35825.85,35091.9,35307.05,0
2021-03-09,35705.9,36076.65,35548.2,35841.3,0
2021-03-10,36112.25,36173.8,35765.85,35945.15,0
2021-03-12,36497.35,36497.35,35192.9,35453.0,0
2021-03-15,35544.25,35544.25,34431.4,35213.95,0
2021-03-16,35352.0,35395.95,34745.3,34814.2,0
2021-03-17,34905.05,35098.75,34133.7,34140.85,0
2021-03-18,34577.5,34759.65,33601.3,33912.4,0
2021-03-19,33590.4,34351.5,33362.85,34115.1,0
2021-03-22,34088.4,34145.8,33390.0,33659.85,0
2021-03-23,33747.95,34357.75,33629.35,34210.15,0
2021-03-24,33894.7,33965.5,33205.1,33370.3,0
2021-03-25,33420.75,33548.85,32420.55,33032.45,0
2021-03-26,33605.05,33605.05,33168.3,33445.15,0
2021-03-30,33615.9,33990.1,33565.85,33893.55,0
2021-03-31,33764.8,33764.8,33154.7,33340.05,0
2021-04-01,33588.0,33949.15,33210.75,33905.35,0
2021-04-05,33649.15,33688.25,32333.9,32714.45,0
2021-04-06,32915.65,33004.4,32343.1,32540.9,0
2021-04-07,32529.7,33190.3,32158.45,32958.6,0
2021-04-08,33154.2,33303.8,32709.05,32798.4,0
2021-04-09,32636.9,32968.5,32342.85,32446.55,0
2021-04-12,31637.9,31648.5,30522.5,30904.95,0
2021-04-13,30901.8,31883.0,30740.55,31760.95,0
2021-04-15,31929.1,32179.0,31406.7,32153.8,0
2021-04-16,32161.45,32325.15,31917.85,31946.15,0
2021-04-19,30993.45,31299.6,30407.9,31206.6,0
2021-04-20,31568.95,31727.1,30893.4,31074.75,0
2021-04-22,30763.5,31830.75,30557.3,31726.55,0
2021-04-23,31490.6,32147.0,31381.1,31625.85,0
2021-04-26,32316.65,32594.1,32149.8,32271.2,0
2021-04-27,32228.95,32801.2,32158.8,32760.25,0
2021-04-28,32865.5,33775.05,32854.95,33662.65,0
2021-04-29,33901.6,34284.85,33310.8,33664.2,0
2021-04-30,33112.4,33448.6,32667.0,32714.35,0
2021-05-03,32368.55,32560.2,31921.65,32535.55,0
2021-05-04,32610.4,33009.35,32193.55,32293.75,0
2021-05-05,32577.1,32861.55,32072.8,32851.55,0
2021-05-06,32900.75,32951.1,32567.4,32875.7,0
2021-05-07,33041.65,33255.5,32772.1,32888.25,0
2021-05-10,33175.3,33297.6,33029.75,33191.5,0
2021-05-11,32640.95,33150.9,32629.35,32836.25,0
2021-05-12,32717.65,32746.2,32356.0,32454.6,0
2021-05-14,32495.15,32622.0,32119.9,32163.35,0
2021-05-17,32437.85,33501.65,32328.15,33460.5,0
2021-05-18,33893.1,34140.65,33737.05,33954.3,0
2021-05-19,33717.1,33956.5,33609.45,33659.15,0
2021-05-20,33692.55,33829.35,33276.15,33400.75,0
2021-05-21,33559.8,34687.35,33559.8,34686.35,0
2021-05-24,34869.3,35214.75,34535.85,34835.35,0
2021-05-25,35095.0,35110.1,34410.8,34706.55,0
2021-05-26,34757.15,34896.5,34463.25,34674.7,0
2021-05-27,34664.2,35212.65,34533.2,35134.3,0
2021-05-28,35345.65,35434.65,34978.9,35215.7,0
2021-05-31,35097.45,35582.35,34935.25,35484.55,0
2021-06-01,35639.75,35712.35,35244.85,35333.75,0
2021-06-02,35271.6,35415.25,35072.35,35397.4,0
2021-06-03,35536.45,35722.9,35424.95,35653.7,0
2021-06-04,35657.85,35804.35,35177.65,35339.55,0
2021-06-07,35460.8,35545.45,35339.75,35403.05,0
2021-06-08,35433.8,35438.55,34964.85,35083.5,0
2021-06-09,35114.25,35402.45,34645.8,34808.7,0
2021-06-10,34903.6,35164.45,34737.1,35146.0,0
2021-06-11,35324.65,35332.25,34895.85,35055.4,0
2021-06-14,34936.55,34994.6,34382.9,34934.4,0
2021-06-15,35038.05,35314.85,34918.35,35225.55,0
2021-06-16,35196.25,35377.7,34919.1,34984.7,0
2021-06-17,34619.8,34882.05,34460.0,34532.7,0
2021-06-18,34735.15,34783.75,33915.15,34692.25,0
2021-06-21,34109.45,34924.35,33939.25,34874.3,0
2021-06-22,35084.9,35281.8,34664.85,34716.5,0
2021-06-23,34911.85,34930.75,34528.0,34590.5,0
2021-06-24,34687.7,34935.1,34600.5,34860.75,0
2021-06-25,34916.65,35490.6,34916.65,35325.05,0
2021-06-28,35488.2,35575.3,35236.95,35401.4,0
2021-06-29,35320.45,35320.85,34923.75,35011.85,0
2021-06-30,35001.9,35213.3,34731.6,34780.55,0
2021-07-01,34866.0,34916.85,34656.7,34726.25,0
2021-07-02,34728.1,34893.15,34637.35,34829.15,0
2021-07-05,35010.95,35234.3,34935.65,35218.6,0
2021-07-06,35173.6,35807.35,35173.6,35530.45,0
2021-07-07,35550.6,35795.75,35432.4,35754.65,0
2021-07-08,35603.25,35810.5,35138.6,35282.95,0
2021-07-09,35163.75,35222.05,34862.2,35090.4,0
2021-07-12,35285.05,35394.3,35063.5,35192.5,0
2021-07-13,35480.05,35726.1,35341.4,35641.15,0
2021-07-14,35585.85,35803.45,35436.95,35643.1,0
2021-07-15,35757.45,35984.65,35635.4,35901.7,0
2021-07-16,35977.95,35977.95,35676.6,35755.9,0
2021-07-19,35070.5,35346.35,34902.55,35098.4,0
2021-07-20,34791.15,34883.25,34357.8,34415.05,0
2021-07-22,34774.55,34988.55,34558.15,34708.9,0
2021-07-23,34748.35,35087.6,34406.7,35012.1,0
2021-07-26,34947.85,35136.55,34743.15,34921.85,0
2021-07-27,35029.3,35185.85,34719.1,34801.2,0
2021-07-28,34839.45,34839.45,34117.7,34558.4,0
2021-07-29,34740.3,34777.05,34496.2,34750.85,0
2021-07-30,34698.75,34737.65,34457.55,34576.15,0
2021-08-02,34760.9,34860.9,34593.7,34726.05,0
2021-08-03,34660.75,35237.4,34660.75,35199.5,0
2021-08-04,35388.15,36218.2,35332.75,35994.5,0
2021-08-05,36093.95,36105.05,35663.05,35799.65,0
2021-08-06,35875.8,36079.1,35712.0,35882.1,0
2021-08-09,35824.2,36158.5,35681.8,36014.8,0
2021-08-10,35954.55,36315.3,35893.3,36009.55,0
2021-08-11,36218.25,36218.25,35532.8,35780.35,0
2021-08-12,35825.4,35996.35,35703.55,35991.75,0
2021-08-13,36000.75,36232.7,35943.35,36141.45,0
2021-08-16,36100.65,36257.4,36035.4,36044.45,0
2021-08-17,35935.05,35983.8,35613.2,35880.3,0
2021-08-18,36222.5,36222.5,35434.85,35480.95,0
2021-08-20,35146.5,35306.05,34930.75,35029.8,0
2021-08-23,35424.2,35424.2,34818.9,35083.8,0
2021-08-24,35200.75,35794.55,35070.45,35680.45,0
2021-08-25,35768.85,35907.55,35501.25,35554.65,0
2021-08-26,35485.95,35784.95,35415.5,35603.4,0
2021-08-27,35559.75,35724.2,35365.6,35608.0,0
2021-08-30,35781.05,36397.3,35721.9,36357.3,0
2021-08-31,36367.4,36549.95,36217.55,36389.15,0
2021-09-01,36591.45,36994.5,36505.35,36512.8,0
2021-09-02,36588.4,36893.15,36470.3,36875.35,0
2021-09-03,36883.65,37138.65,36565.75,36763.25,0
2021-09-06,36878.25,36923.1,36554.8,36588.25,0
2021-09-07,36558.85,36685.05,36153.6,36465.0,0
2021-09-08,36519.7,36850.9,36401.6,36850.9,0
2021-09-09,36725.5,36855.8,36568.05,36670.3,0
2021-09-13,36608.45,36690.2,36328.9,36496.55,0
2021-09-14,36639.95,36755.3,36530.15,36614.95,0
2021-09-15,36543.55,36947.3,36498.95,36860.95,0
2021-09-16,36946.0,37717.2,36912.9,37682.9,0
2021-09-17,37929.5,38112.0,37397.85,37892.7,0
2021-09-20,37388.2,37801.6,37075.75,37114.95,0
2021-09-21,37238.4,37330.55,36528.0,37298.35,0
2021-09-22,37277.1,37319.2,36885.9,36987.2,0
2021-09-23,37241.25,37827.3,37235.45,37811.3,0
2021-09-24,37954.0,38109.15,37680.65,37783.5,0
2021-09-27,38054.75,38353.75,37975.7,38171.75,0
2021-09-28,38360.0,38366.55,37316.0,37867.8,0
2021-09-29,37601.1,37922.9,37372.1,37741.8,0
2021-09-30,37677.8,37884.3,37355.8,37411.05,0
2021-10-01,37140.4,37297.5,36894.85,37229.05,0
2021-10-04,37392.15,37670.6,37366.05,37602.7,0
2021-10-05,37499.8,37784.0,37378.65,37742.7,0
2021-10-06,37768.8,38105.75,37460.95,37479.4,0
2021-10-07,37894.0,37923.15,37657.3,37756.0,0
2021-10-08,37906.4,38103.15,37674.75,37835.3,0
2021-10-11,37782.75,38493.3,37762.85,38290.05,0
2021-10-12,38178.35,38607.8,38152.85,38516.05,0
2021-10-13,38735.3,38777.05,38507.05,38584.25,0
2021-10-14,38684.65,39373.95,38684.65,39329.35,0
2021-10-18,39794.25,39947.3,39574.8,39668.35,0
2021-10-19,39927.3,40007.45,39394.25,39569.4,0
2021-10-20,39545.45,39772.2,39300.15,39557.35,0
2021-10-21,39676.55,40199.45,39428.85,40164.75,0
2021-10-22,40192.65,40583.6,40155.35,40325.7,0
2021-10-25,40961.25,41827.65,40559.15,41266.4,0
2021-10-26,41057.75,41364.8,40829.15,41297.25,0
2021-10-27,41234.55,41341.2,40756.25,40800.25,0
2021-10-28,40915.15,40915.15,39352.45,39559.9,0
2021-10-29,39424.55,39773.3,38453.1,39270.55,0
2021-11-01,39432.15,39851.1,39131.85,39834.75,0
2021-11-02,39796.9,40103.85,39593.05,39897.15,0
2021-11-03,40040.65,40160.2,39309.4,39416.45,0
2021-11-04,39669.1,39732.45,39520.6,39564.1,0
2021-11-08,39674.05,39674.05,38934.4,39487.05,0
2021-11-09,39517.85,39558.8,39224.4,39401.7,0
2021-11-10,39206.2,39206.2,38875.3,39022.8,0
2021-11-11,38913.05,38913.05,38348.25,38571.6,0
2021-11-12,38707.15,38821.1,38469.7,38751.85,0
2021-11-15,38849.45,39114.95,38607.85,38675.85,0
2021-11-16,38710.9,38718.9,38216.8,38239.55,0
2021-11-17,38113.4,38454.65,37984.8,38006.05,0
2021-11-18,38071.9,38233.1,37749.15,37941.95,0
2021-11-22,38232.15,38241.0,36661.7,37252.3,0
2021-11-23,36787.0,37447.45,36654.2,37257.55,0
2021-11-24,37384.75,37890.85,37243.2,37346.7,0
2021-11-25,37362.05,37505.55,37118.55,37382.25,0
2021-11-26,36830.9,36860.85,35910.8,35951.9,0
2021-11-29,36224.45,36347.85,35341.75,35934.7,0
2021-11-30,35958.8,36773.15,35531.5,35600.45,0
2021-12-01,35902.9,36444.6,35834.75,36385.9,0
2021-12-02,36281.85,36552.45,36169.85,36535.65,0
2021-12-03,36497.3,36842.6,36066.45,36213.6,0
2021-12-06,36252.75,36344.55,35697.85,35736.65,0
2021-12-07,36086.95,36820.25,36017.65,36621.4,0
2021-12-08,37052.75,37381.25,36914.7,37268.3,0
2021-12-09,37331.75,37386.4,36890.35,37049.95,0
2021-12-10,37083.15,37149.9,36824.7,37104.0,0
2021-12-13,37358.2,37579.5,36863.6,36962.2,0
2021-12-14,36778.95,37036.8,36545.4,36894.75,0
2021-12-15,36929.5,37079.5,36747.3,36769.25,0
2021-12-16,37092.95,37153.7,36388.0,36585.45,0
2021-12-17,36491.8,36544.55,35537.6,35679.85,0
2021-12-20,35124.35,35197.85,34020.25,34436.5,0
2021-12-21,34863.35,35049.65,34392.35,34664.75,0
2021-12-22,34865.25,35104.85,34691.3,35095.25,0
2021-12-23,35350.5,35477.15,35046.3,35082.85,0
2021-12-24,35282.2,35289.95,34584.25,34879.65,0
2021-12-27,34573.65,35143.55,34237.95,35097.6,0
2021-12-28,35308.3,35351.4,35039.1,35173.35,0
2021-12-29,35168.85,35377.85,34894.2,34946.45,0
2021-12-30,34977.65,35161.35,34766.15,35131.1,0
2021-12-31,35114.4,35594.7,35114.4,35510.95,0
2022-01-03,35585.2,36485.0,35530.05,36467.65,0
2022-01-04,36551.25,36886.65,36380.85,36856.75,0
2022-01-05,36943.55,37860.3,36770.1,37644.9,0
2022-01-06,37242.55,37750.35,37061.35,37470.45,0
2022-01-07,37667.05,38134.5,37429.55,37755.1,0
2022-01-10,37930.55,38390.85,37930.55,38344.95,0
2022-01-11,38370.0,38504.15,38032.95,38433.55,0
2022-01-12,38719.6,38848.8,38611.6,38708.85,0
2022-01-13,38717.55,38717.55,38378.4,38465.7,0
2022-01-14,38302.35,38446.5,38009.3,38312.8,0
2022-01-17,38212.55,38615.2,38141.2,38243.85,0
2022-01-18,38337.4,38852.5,38095.4,38214.8,0
2022-01-19,38145.75,38328.0,37772.2,38058.85,0
2022-01-20,38106.1,38166.45,37593.15,37908.65,0
2022-01-21,37522.35,37738.65,37225.65,37738.65,0
2022-01-24,37601.95,37693.7,36383.55,36834.9,0
2022-01-25,36598.05,37786.65,36419.85,37714.0,0
2022-01-27,37058.2,38136.35,37014.75,38100.6,0
2022-01-28,38246.6,38409.35,37582.05,37687.5,0
2022-01-31,38091.8,38202.25,37650.5,37957.65,0
2022-02-01,38460.45,38802.05,37696.9,38569.4,0
2022-02-02,38841.55,39383.8,38760.85,39338.2,0
2022-02-03,39255.7,39419.9,38862.85,38880.6,0
2022-02-04,39128.0,39275.0,38563.45,38735.55,0
2022-02-07,38592.05,38834.7,37806.0,37990.2,0
2022-02-08,38176.1,38213.45,37320.45,37942.65,0
2022-02-09,38283.6,38642.8,38220.8,38602.4,0
2022-02-10,38801.45,39195.75,38521.15,38962.25,0
2022-02-11,38567.65,38789.95,38401.2,38434.35,0
2022-02-14,37664.0,37708.3,36829.2,36847.45,0
2022-02-15,36989.8,38229.15,36655.2,38152.85,0
2022-02-16,38296.5,38461.2,37770.8,37863.65,0
2022-02-17,38042.1,38123.4,37426.55,37458.9,0
2022-02-18,37344.45,37816.05,37304.65,37570.6,0
2022-02-21,37400.0,38051.95,37158.45,37702.7,0
2022-02-22,36833.0,37658.35,36833.0,37340.8,0
2022-02-23,37628.55,37773.8,37321.8,37358.15,0
2022-02-24,36085.2,36649.0,35002.1,35095.25,0
2022-02-25,35901.7,36677.2,35776.8,36485.4,0
2022-02-28,35938.95,36268.55,35616.2,36211.6,0
2022-03-02,35381.9,35545.95,34899.05,35475.8,0
2022-03-03,35621.15,35798.3,34725.65,34959.45,0
2022-03-04,34526.1,35095.75,34097.15,34376.35,0
2022-03-07,33278.15,33532.95,32387.75,32914.55,0
2022-03-08,32531.9,33258.85,32159.3,33206.9,0
2022-03-09,33278.9,33968.5,32952.2,33891.25,0
2022-03-10,35153.95,35370.55,34220.8,34400.7,0
2022-03-11,34331.0,34876.65,34096.0,34546.7,0
2022-03-14,34660.25,35432.95,34638.2,35343.65,0
2022-03-15,35467.95,35643.1,34707.3,34941.7,0
2022-03-16,35555.75,35805.35,35506.05,35689.3,0
2022-03-17,36302.0,36610.55,36302.0,36388.55,0
2022-03-21,36545.85,36575.25,35900.75,36046.15,0
2022-03-22,35975.6,36464.6,35389.65,36439.95,0
2022-03-23,36627.7,36822.2,36069.45,36084.95,0
2022-03-24,35633.7,35953.65,35426.3,35526.85,0
2022-03-25,35700.4,35710.05,35207.75,35536.45,0
2022-03-28,35488.7,35769.0,35016.85,35749.25,0
2022-03-29,35931.75,35969.65,35513.8,35923.9,0
2022-03-30,36241.55,36418.55,36075.1,36324.35,0
2022-03-31,36457.2,36588.85,36284.15,36371.0,0
2022-04-01,36298.35,37201.75,36243.25,37158.9,0
2022-04-04,37824.95,38762.75,37705.45,38600.85,0
2022-04-05,38731.3,38734.05,37937.95,37968.0,0
2022-04-06,37711.3,37867.15,37514.9,37591.55,0
2022-04-07,37421.75,37973.2,37348.5,37599.3,0
2022-04-08,37619.7,37881.65,37414.45,37803.1,0
2022-04-11,37591.75,37937.15,37531.15,37645.75,0
2022-04-12,37407.4,37919.5,37269.1,37747.85,0
2022-04-13,37887.3,37981.2,37415.5,37439.8,0
2022-04-18,36833.15,36964.8,36447.45,36791.6,0
2022-04-19,36806.8,37123.25,35931.25,36070.65,0
2022-04-20,36482.6,36511.15,36117.7,36351.55,0
2022-04-21,36513.1,36913.0,36398.85,36911.25,0
2022-04-22,36514.15,36553.75,35994.65,36008.2,0
2022-04-25,35792.35,36265.75,35533.05,36192.85,0
2022-04-26,36515.35,36603.7,36269.05,36390.15,0
2022-04-27,36067.55,36175.2,35748.55,36045.85,0
2022-04-28,36189.95,36500.0,35952.9,36424.0,0
2022-04-29,36474.05,36716.65,35980.85,36063.75,0
2022-05-02,35627.6,36231.1,35627.6,36138.45,0
2022-05-04,36266.15,36302.45,35130.0,35317.55,0
2022-05-05,35705.35,35934.0,35135.4,35160.1,0
2022-05-06,34569.1,34797.75,34353.4,34681.5,0
2022-05-09,34091.75,34547.2,33928.15,34321.05,0
2022-05-10,34181.2,34779.65,34181.2,34418.2,0
2022-05-11,34686.3,34791.7,34149.05,34776.25,0
2022-05-12,34289.1,34320.8,33300.05,33559.55,0
2022-05-13,33925.95,34001.85,33009.05,33086.35,0
2022-05-16,33256.0,33818.8,33010.1,33643.35,0
2022-05-17,33796.2,34366.05,33684.2,34346.75,0
2022-05-18,34448.2,34654.2,34135.5,34198.35,0
2022-05-19,33461.0,33624.9,33183.85,33359.0,0
2022-05-20,33765.15,34356.65,33696.95,34311.55,0
2022-05-23,34321.4,34819.35,34122.3,34157.8,0
2022-05-24,34223.2,34578.05,34132.25,34305.7,0
2022-05-25,34491.8,34720.85,34287.65,34313.9,0
2022-05-26,34670.6,35221.95,34425.15,35199.2,0
2022-05-27,35326.6,35693.25,35292.95,35617.7,0
2022-05-30,35958.8,36083.45,35750.55,35832.05,0
2022-05-31,35615.3,35878.95,35291.25,35362.85,0
2022-06-01,35358.95,35767.55,35287.8,35679.7,0
2022-06-02,35470.95,35674.15,35386.85,35608.25,0
2022-06-03,35929.55,35952.8,35176.05,35277.4,0
2022-06-06,35159.15,35422.4,35073.1,35314.05,0
2022-06-07,35080.8,35153.2,34834.45,34972.05,0
2022-06-08,35165.65,35446.5,34833.5,34888.75,0
2022-06-09,34802.25,35148.75,34660.4,35116.8,0
2022-06-10,34686.95,34744.9,34348.05,34479.4,0
2022-06-13,33728.65,33761.7,33213.6,33441.7,0
2022-06-14,33180.6,33617.8,33126.05,33329.55,0
2022-06-15,33317.8,33552.9,33249.8,33330.0,0
2022-06-16,33648.8,33754.8,32542.7,32573.8,0
2022-06-17,32393.45,32889.4,32298.0,32857.05,0
2022-06-20,32873.4,32923.75,32427.7,32699.45,0
2022-06-21,32978.05,33592.9,32799.0,33186.55,0
2022-06-22,33051.65,33080.65,32760.75,32793.5,0
2022-06-23,32927.4,33431.0,32654.95,33171.05,0
2022-06-24,33434.8,33720.7,33432.45,33655.9,0
2022-06-27,34126.2,34134.8,33736.95,33814.8,0
2022-06-28,33578.2,33744.4,33503.5,33692.25,0
2022-06-29,33273.55,33416.6,33188.2,33239.25,0
2022-06-30,33180.7,33658.4,33180.7,33360.6,0
2022-07-01,33264.75,33664.9,33082.45,33605.35,0
2022-07-04,33558.85,33976.95,33518.05,33964.75,0
2022-07-05,34084.7,34360.6,33760.35,33769.4,0
2022-07-06,33929.4,34385.2,33916.1,34355.55,0
2022-07-07,34627.4,34961.95,34560.85,34935.45,0
2022-07-08,35258.9,35258.9,34979.25,35125.55,0
2022-07-11,35017.6,35541.6,35017.6,35442.2,0
2022-07-12,35298.7,35417.3,35053.05,35054.05,0
2022-07-13,35259.8,35307.8,34760.5,34818.9,0
2022-07-14,34817.95,35027.2,34558.45,34663.15,0
2022-07-15,34734.45,34896.1,34465.0,34704.85,0
2022-07-18,34841.85,35381.8,34806.75,35354.0,0
2022-07-19,35113.25,35759.5,35113.25,35708.15,0
2022-07-20,36061.3,36181.7,35877.25,35890.85,0
2022-07-21,36026.55,36330.8,35888.5,36226.15,0
2022-07-22,36322.9,36823.35,36288.1,36737.05,0
2022-07-25,36766.7,37008.8,36469.95,36667.85,0
2022-07-26,36688.55,36689.5,36335.95,36349.85,0
2022-07-27,36370.55,36807.35,36249.15,36795.4,0
2022-07-28,37102.45,37412.4,37041.7,37336.25,0
2022-07-29,37717.3,37737.9,37223.4,37486.0,0
2022-08-01,37594.15,37936.35,37407.5,37867.15,0
2022-08-02,37767.7,38179.4,37633.15,37876.3,0
2022-08-03,37954.55,38067.25,37693.8,37999.7,0
2022-08-04,38111.05,38230.55,37252.7,37687.95,0
2022-08-05,37868.25,38149.2,37785.5,37907.25,0
2022-08-08,37847.35,38301.2,37684.55,38251.2,0
2022-08-10,38298.85,38400.5,38165.35,38277.0,0
2022-08-11,38712.95,38929.75,38652.15,38835.1,0
2022-08-12,38942.45,39087.8,38739.95,39052.35,0
2022-08-16,39284.1,39444.25,39120.45,39247.35,0
2022-08-17,39351.3,39502.55,39204.55,39416.2,0
2022-08-18,39324.4,39703.4,39295.5,39670.8,0
2022-08-19,39732.65,39750.9,38848.4,38900.15,0
2022-08-22,38693.65,38717.6,38248.9,38331.2,0
2022-08-23,37955.45,38865.8,37955.45,38852.2,0
2022-08-24,38552.7,39117.7,38552.7,39087.25,0
2022-08-25,39190.05,39471.05,38807.25,38847.95,0
2022-08-26,39129.65,39336.05,38849.3,39036.6,0
2022-08-29,38111.6,38394.35,37944.25,38346.85,0
2022-08-30,38516.95,39603.95,38489.35,39520.35,0
2022-09-01,38806.7,39666.55,38806.7,39345.8,0
2022-09-02,39422.3,39594.4,39203.4,39375.0,0
2022-09-05,39412.05,39862.0,39412.05,39754.45,0
2022-09-06,39892.95,40071.0,39567.5,39673.3,0
2022-09-07,39337.75,39570.6,39272.95,39457.65,0
2022-09-08,39763.9,40265.3,39707.35,40242.1,0
2022-09-09,40520.75,40683.75,40281.0,40385.0,0
2022-09-12,40540.45,40684.9,40378.5,40561.5,0
2022-09-13,40802.1,40903.55,40694.8,40864.95,0
2022-09-14,40308.8,41625.35,40306.35,41373.65,0
2022-09-15,41533.7,41834.55,41156.65,41208.45,0
2022-09-16,40977.2,41157.7,40502.5,40825.15,0
2022-09-19,40685.6,41182.65,40517.8,40966.05,0
2022-09-20,41304.15,41676.75,41237.75,41414.7,0
2022-09-21,41282.6,41499.35,40889.45,41197.6,0
2022-09-22,40889.05,41157.75,40361.05,40637.3,0
2022-09-23,40429.35,40528.3,39413.6,39555.35,0
2022-09-26,39027.85,39215.65,38493.4,38661.45,0
2022-09-27,38811.7,39048.6,38185.3,38526.3,0
2022-09-28,38081.25,38367.6,37630.55,37676.8,0
2022-09-29,38092.85,38283.1,37537.1,37695.3,0
2022-09-30,37660.0,38808.9,37391.3,38702.75,0
2022-10-03,38444.9,38636.95,37963.4,37974.9,0
2022-10-04,38700.4,39177.3,38633.85,39121.85,0
2022-10-06,39343.7,39605.85,39236.95,39239.25,0
2022-10-07,39093.5,39234.7,38808.45,39199.4,0
2022-10-10,38641.55,39315.65,38520.9,39113.7,0
2022-10-11,39058.85,39173.05,38624.65,38646.45,0
2022-10-12,38784.2,39153.35,38609.25,39128.6,0
2022-10-13,38957.65,39058.05,38439.35,38658.1,0
2022-10-14,39446.05,39569.8,39199.95,39370.65,0
2022-10-17,39295.6,39971.5,39148.2,39959.45,0
2022-10-18,40252.05,40432.7,40141.5,40303.95,0
2022-10-19,40556.65,40621.55,40196.4,40379.95,0
2022-10-20,40149.5,40194.0,39857.85,40116.0,0
2022-10-21,40370.75,41031.5,40370.4,40881.6,0
2022-10-24,41348.35,41420.4,41216.6,41367.3,0
2022-10-25,41513.65,41513.65,41022.2,41045.5,0
2022-10-27,41440.7,41511.15,41180.2,41335.4,0
2022-10-28,41236.8,41482.15,40840.25,41034.55,0
2022-10-31,41265.7,41351.3,41106.6,41314.9,0
2022-11-01,41552.4,41674.1,41196.8,41268.6,0
2022-11-02,41472.6,41472.6,41063.15,41107.75,0
2022-11-03,40873.7,41475.15,40848.8,41304.65,0
2022-11-04,41314.85,41514.85,41052.75,41297.15,0
2022-11-07,41740.65,41774.5,41338.5,41721.6,0
2022-11-09,41914.85,41948.8,41668.8,41690.65,0
2022-11-10,41462.85,41634.9,41319.45,41593.6,0
2022-11-11,42163.4,42345.15,41919.1,42149.7,0
2022-11-14,42177.55,42230.15,41966.2,42072.7,0
2022-11-15,42234.85,42444.05,42080.8,42430.25,0
2022-11-16,42371.8,42605.5,42297.7,42498.95,0
2022-11-17,42399.65,42621.5,42371.2,42426.0,0
2022-11-18,42545.75,42588.75,42224.6,42422.65,0
2022-11-21,42286.95,42383.65,42202.85,42360.9,0
2022-11-22,42467.4,42505.65,42348.15,42475.0,0
2022-11-23,42668.55,42860.5,42566.7,42675.8,0
2022-11-24,42838.35,43158.55,42785.9,43102.15,0
2022-11-25,43192.45,43338.3,42867.0,42961.35,0
2022-11-28,42757.2,43157.8,42757.2,42983.2,0
2022-11-29,42959.4,43278.2,42959.4,43045.3,0
2022-11-30,43122.75,43330.15,42881.65,43245.2,0
2022-12-01,43512.1,43512.1,43103.35,43219.75,0
2022-12-02,42976.7,43131.85,42938.05,43098.6,0
2022-12-05,43269.35,43371.65,42986.05,43321.3,0
2022-12-06,43093.9,43306.85,43079.4,43143.15,0
2022-12-07,43157.35,43322.6,42949.95,43108.8,0
2022-12-08,43142.25,43634.0,43095.9,43629.4,0
2022-12-09,43765.3,43852.2,43365.55,43627.5,0
2022-12-12,43455.85,43762.75,43380.35,43675.1,0
2022-12-13,43793.7,43980.55,43774.2,43921.85,0
2022-12-14,44078.6,44151.5,43988.25,44014.5,0
2022-12-15,43940.1,44120.1,43380.65,43391.8,0
2022-12-16,43261.75,43597.6,43081.15,43216.6,0
2022-12-19,43346.35,43451.4,43112.3,43440.35,0
2022-12-20,43152.65,43422.65,42955.7,43407.8,0
2022-12-21,43525.75,43614.65,42370.1,42658.05,0
2022-12-22,42864.0,42922.4,42233.9,42360.55,0
2022-12-23,41951.35,42200.35,41599.3,41666.15,0
2022-12-26,41716.35,42842.35,41571.95,42631.0,0
2022-12-27,42827.75,42922.6,42398.1,42876.2,0
2022-12-28,42733.6,43034.5,42700.9,42779.2,0
2022-12-29,42684.9,43361.45,42494.35,43309.1,0
2022-12-30,43401.7,43422.05,42836.05,43038.5,0
2023-01-02,43038.25,43373.8,42965.2,43234.3,0
2023-01-03,43151.45,43480.6,43151.45,43448.35,0
2023-01-04,43417.5,43577.35,42860.2,42979.6,0
2023-01-05,43073.05,43130.75,42300.6,42615.95,0
2023-01-06,42649.7,42685.9,41881.45,42218.0,0
2023-01-09,42404.85,42711.15,42189.6,42563.5,0
2023-01-10,42642.0,42661.7,41838.6,42053.5,0
2023-01-11,42071.85,42316.15,41731.0,42190.65,0
2023-01-12,42238.5,42342.75,41746.3,42092.95,0
2023-01-13,42171.25,42452.95,41886.8,42339.25,0
2023-01-16,42622.5,42712.3,42068.05,42161.95,0
2023-01-17,42241.2,42383.8,41863.0,42281.1,0
2023-01-18,42271.8,42555.25,42122.15,42473.75,0
2023-01-19,42416.3,42501.3,42237.55,42298.9,0
2023-01-20,42516.05,42707.3,42398.3,42514.05,0
2023-01-23,42891.45,43002.5,42729.5,42755.8,0
2023-01-24,42994.45,43077.0,42616.5,42715.15,0
2023-01-25,42703.6,42703.6,41541.25,41687.6,0
2023-01-27,41382.35,41392.3,40151.0,40365.3,0
2023-01-30,39856.15,40785.55,39421.1,40467.3,0
2023-01-31,40563.85,40809.55,40176.5,40759.6,0
2023-02-01,41115.0,42011.2,39501.35,40499.25,0
2023-02-02,39943.35,40753.7,39766.95,40722.4,0
2023-02-03,41019.35,41538.1,40615.9,41480.75,0
2023-02-06,41530.15,41722.0,41263.25,41367.1,0
2023-02-07,41513.1,41628.75,41097.1,41464.4,0
2023-02-08,41542.05,41789.25,41404.6,41494.05,0
2023-02-09,41634.0,41634.0,41256.25,41576.25,0
2023-02-10,41452.4,41678.3,41443.5,41542.6,0
2023-02-13,41563.5,41657.95,41162.15,41260.85,0
2023-02-14,41410.45,41715.25,41198.1,41625.5,0
2023-02-15,41674.6,41795.45,41456.05,41756.7,0
2023-02-16,41925.7,41974.4,41523.1,41554.1,0
2023-02-17,41514.0,41514.2,40886.9,41132.0,0
2023-02-20,41221.55,41292.3,40580.25,40707.15,0
2023-02-21,40784.9,40942.75,40508.85,40696.05,0
2023-02-22,40494.15,40518.7,39900.7,39968.7,0
2023-02-23,39983.7,40146.65,39603.8,40076.05,0
2023-02-24,40259.1,40346.95,39823.5,39904.7,0
2023-02-27,39820.4,40370.2,39750.0,40355.85,0
2023-02-28,40302.7,40385.35,40075.3,40282.85,0
2023-03-01,40473.85,40724.05,40360.45,40703.45,0
2023-03-02,40604.55,40771.3,40315.7,40332.7,0
2023-03-03,40671.4,41389.0,40630.7,41236.85,0
2023-03-06,41418.4,41667.8,41260.55,41396.0,0
2023-03-08,41178.35,41625.35,41101.15,41573.5,0
2023-03-09,41532.65,41655.5,41209.15,41227.9,0
2023-03-10,40805.25,40811.2,40345.4,40488.75,0
2023-03-13,40356.1,40687.75,39457.0,39627.0,0
2023-03-14,39522.4,39765.7,39136.15,39481.35,0
2023-03-15,39777.9,39909.75,38938.95,39020.8,0
2023-03-16,39061.7,39381.05,38617.8,39210.1,0
2023-03-17,39442.4,39691.65,38929.85,39686.6,0
2023-03-20,39512.1,39512.1,38943.35,39377.3,0
2023-03-21,39599.65,39970.2,39366.3,39867.5,0
2023-03-22,40036.0,40082.75,39844.85,39958.85,0
2023-03-23,39836.15,40201.6,39555.9,39580.15,0
2023-03-24,39555.25,39767.55,39294.9,39351.8,0
2023-03-27,39484.7,39694.05,39274.7,39309.45,0
2023-03-28,39545.05,39641.25,39328.75,39605.95,0
2023-03-29,39611.55,40051.9,39611.55,40013.3,0
2023-03-31,40231.25,40688.85,40205.6,40602.35,0
2023-04-03,40695.8,40857.05,40536.15,40815.1,0
2023-04-05,40972.3,41069.3,40814.15,41008.55,0
2023-04-06,40940.7,41274.4,40821.9,41039.05,0
2023-04-10,41116.15,41134.9,40730.0,40796.45,0
2023-04-11,41232.0,41402.3,41026.25,41385.05,0
2023-04-12,41426.0,41610.15,41334.85,41577.2,0
2023-04-13,41680.1,42193.95,41504.1,42137.8,0
2023-04-17,42603.55,42603.55,41801.15,42216.7,0
2023-04-18,42406.95,42497.95,42119.8,42255.65,0
2023-04-19,42280.1,42338.2,42022.5,42151.1,0
2023-04-20,42218.5,42377.05,42109.05,42274.2,0
2023-04-21,42252.55,42379.6,41963.85,42089.25,0
2023-04-24,42469.95,42713.25,42293.45,42641.85,0
2023-04-25,42731.6,42864.9,42604.5,42654.15,0
2023-04-26,42559.05,42869.65,42434.85,42866.45,0
2023-04-27,42753.9,43042.25,42742.45,42961.75,0
2023-04-28,43045.5,43300.2,42811.1,43226.25,0
2023-05-02,43395.05,43483.85,43283.65,43309.65,0
2023-05-03,43154.85,43354.05,43079.65,43292.0,0
2023-05-04,43236.1,43737.5,43221.25,43635.9,0
2023-05-05,43110.65,43581.55,42587.55,42669.25,0
2023-05-08,42796.85,43418.55,42796.85,43314.4,0
2023-05-09,43438.55,43532.4,43129.25,43171.6,0
2023-05-10,43275.25,43379.3,42824.55,43343.85,0
2023-05-11,43535.1,43672.05,43370.2,43506.75,0
2023-05-12,43447.15,43903.6,43347.75,43794.2,0
2023-05-15,43821.05,44151.7,43673.05,44045.15,0
2023-05-16,44144.15,44144.15,43818.6,43856.0,0
2023-05-17,43948.5,43987.25,43447.45,43748.9,0
2023-05-18,44006.9,44079.2,43677.0,43770.1,0
2023-05-19,43930.0,44020.8,43532.25,43956.4,0
2023-05-22,43935.3,44026.2,43686.1,43826.2,0
2023-05-23,43978.9,44093.8,43860.4,43873.85,0
2023-05-24,43751.95,44010.45,43639.8,43662.9,0
2023-05-25,43630.25,43717.95,43393.35,43679.2,0
2023-05-26,43765.35,44066.5,43589.15,43996.5,0
2023-05-29,44276.8,44478.95,44228.35,44323.45,0
2023-05-30,44277.35,44494.75,44211.75,44457.5,0
2023-05-31,44318.0,44332.55,43824.75,44147.8,0
2023-06-01,44172.05,44177.95,43708.25,43790.0,0
2023-06-02,43997.3,44088.9,43813.65,43880.75,0
2023-06-05,44103.25,44265.25,44075.7,44099.75,0
2023-06-06,44156.7,44235.9,44009.7,44209.4,0
2023-06-07,44318.7,44345.8,44148.65,44279.6,0
2023-06-08,44208.3,44458.15,43918.1,44007.7,0
2023-06-09,44045.75,44218.05,43934.5,43990.6,0
2023-06-12,44035.2,44092.2,43874.05,43956.45,0
2023-06-13,43889.7,44137.8,43889.7,44109.05,0
2023-06-14,44181.65,44197.75,43957.3,43964.8,0
2023-06-15,44054.35,44058.25,43397.5,43453.2,0
2023-06-16,43583.35,44077.55,43546.8,43906.65,0
2023-06-19,44015.3,44026.7,43502.35,43644.05,0
2023-06-20,43597.55,43822.75,43347.4,43796.5,0
2023-06-21,43894.4,43945.6,43700.25,43863.8,0
2023-06-22,43874.8,44039.35,43664.65,43716.5,0
2023-06-23,43641.6,43822.05,43521.35,43617.05,0
2023-06-26,43714.75,43769.75,43541.75,43653.65,0
2023-06-27,43804.55,44194.65,43695.4,44164.05,0
2023-06-28,44419.5,44501.1,44166.6,44391.55,0
2023-06-30,44666.0,44787.1,44447.2,44716.95,0
2023-07-03,44957.95,45353.2,44882.1,45176.35,0
2023-07-04,45310.55,45655.5,45000.25,45283.6,0
2023-07-05,45169.7,45418.9,45073.4,45197.3,0
2023-07-06,45060.55,45417.5,45042.6,45314.85,0
2023-07-07,45118.05,45227.25,44844.8,44892.1,0
2023-07-10,44958.65,45184.3,44721.9,44869.45,0
2023-07-11,44998.0,45139.55,44663.05,44786.35,0
2023-07-12,44872.6,44937.25,44562.4,44660.25,0
2023-07-13,45009.3,45085.15,44612.2,44726.45,0
2023-07-14,44860.65,44923.85,44547.8,44891.0,0
2023-07-17,44951.2,45556.45,44695.05,45502.1,0
2023-07-18,45754.8,45905.85,45281.3,45412.0,0
2023-07-19,45622.5,45707.4,45433.0,45668.2,0
2023-07-20,45689.05,46256.2,45640.95,46171.45,0
2023-07-21,46063.95,46369.5,45925.9,46133.45,0
2023-07-24,46131.9,46191.5,45858.75,45921.4,0
2023-07-25,46154.7,46156.1,45622.85,45838.1,0
2023-07-26,45935.15,46096.6,45804.7,46043.4,0
2023-07-27,46285.85,46310.1,45570.65,45774.6,0
2023-07-28,45560.9,45727.75,45238.8,45460.7,0
2023-07-31,45546.35,45694.9,45359.75,45629.7,0
2023-08-01,45740.0,45782.75,45471.05,45598.05,0
2023-08-02,45234.65,45404.9,44722.5,44989.4,0
2023-08-03,44862.85,45038.45,44284.65,44582.05,0
2023-08-04,44754.75,45118.05,44522.75,44858.5,0
2023-08-07,44993.7,45011.35,44775.25,44833.0,0
2023-08-08,44888.95,45096.85,44820.0,44982.9,0
2023-08-09,44973.45,44975.0,44536.85,44881.05,0
2023-08-10,44797.65,44979.0,44419.05,44544.2,0
2023-08-11,44568.15,44568.15,44122.6,44262.55,0
2023-08-14,44066.6,44209.15,43777.65,44061.75,0
2023-08-16,43726.25,44002.8,43614.35,43914.9,0
2023-08-17,43897.25,44071.85,43748.2,43865.65,0
2023-08-18,43724.75,43957.65,43684.4,43793.2,0
2023-08-21,43952.85,44113.8,43862.9,43961.35,0
2023-08-22,44125.0,44151.3,43942.75,43950.4,0
2023-08-23,44064.5,44521.65,43952.25,44479.9,0
2023-08-24,44704.2,44949.9,44433.75,44461.1,0
2023-08-25,44276.2,44359.1,43986.55,44167.95,0
2023-08-28,44253.65,44610.4,44201.9,44507.75,0
2023-08-29,44655.75,44673.0,44432.45,44511.65,0
2023-08-30,44706.55,44779.65,44151.5,44208.8,0
2023-08-31,44265.85,44399.65,43897.6,44060.75,0
2023-09-01,43996.1,44568.55,43832.8,44403.7,0
2023-09-04,44647.65,44656.05,44310.95,44584.25,0
2023-09-05,44625.05,44668.7,44401.7,44543.85,0
2023-09-06,44494.65,44577.0,44207.25,44468.55,0
2023-09-07,44418.05,44915.55,44341.2,44855.55,0
2023-09-08,44953.65,45383.35,44812.15,45169.55,0
2023-09-11,45340.8,45630.6,45236.7,45618.95,0
2023-09-12,45893.8,45893.8,45322.95,45490.1,0
2023-09-13,45449.35,45990.5,45301.85,45899.6,0
2023-09-14,46013.3,46153.9,45810.15,45983.65,0
2023-09-15,46122.15,46310.4,46032.9,46154.05,0
2023-09-18,46100.95,46252.95,45908.9,45945.45,0
2023-09-20,45493.7,45745.15,45281.5,45442.65,0
2023-09-21,45179.6,45276.8,44593.4,44610.2,0
2023-09-22,44707.35,44996.75,44552.5,44639.95,0
2023-09-25,44615.0,44936.55,44403.65,44758.4,0
2023-09-26,44722.5,44773.8,44532.45,44662.45,0
2023-09-27,44465.9,44668.0,44182.5,44600.75,0
2023-09-28,44700.35,44756.8,44248.2,44288.2,0
2023-09-29,44445.35,44755.05,44344.9,44603.15,0
2023-10-03,44561.5,44566.3,44243.1,44395.3,0
2023-10-04,44108.15,44161.35,43857.5,43993.3,0
2023-10-05,44181.35,44391.85,44108.3,44208.25,0
2023-10-06,44395.4,44500.7,44242.95,44368.05,0
2023-10-09,44057.8,44113.2,43796.75,43868.5,0
2023-10-10,44027.55,44487.25,44004.55,44378.4,0
2023-10-11,44554.9,44710.55,44411.4,44519.85,0
2023-10-12,44571.55,44693.05,44530.05,44570.85,0
2023-10-13,44322.05,44563.05,44203.7,44220.5,0
2023-10-16,44204.75,44356.95,44044.4,44242.55,0
2023-10-17,44589.8,44589.85,44336.95,44441.3,0
2023-10-18,44404.2,44412.5,43861.45,43894.45,0
2023-10-19,43616.75,44058.8,43558.1,43752.45,0
2023-10-20,43584.25,43877.5,43567.45,43740.65,0
2023-10-23,43822.7,43831.3,43029.45,43186.0,0
2023-10-25,43308.3,43397.45,42758.4,42848.15,0
2023-10-26,42708.4,42716.2,42105.4,42288.15,0
2023-10-27,42555.6,42840.15,42482.75,42831.25,0
2023-10-30,42721.4,43112.5,42390.5,43073.6,0
2023-10-31,43356.85,43356.85,42797.15,42827.75,0
2023-11-01,42694.25,42815.15,42589.65,42734.15,0
2023-11-02,43018.7,43271.5,42796.45,43033.5,0
2023-11-03,43318.3,43416.1,43221.0,43306.95,0
2023-11-06,43627.75,43648.7,43415.2,43628.0,0
2023-11-07,43598.85,43799.35,43283.85,43780.15,0
2023-11-08,43791.8,43797.55,43547.75,43646.6,0
2023-11-09,43626.1,43876.75,43542.65,43695.9,0
2023-11-10,43543.25,43908.7,43504.95,43879.9,0
2023-11-12,44054.5,44056.0,43916.6,43978.7,0
2023-11-13,43915.1,43970.75,43681.4,43885.45,0
2023-11-15,44398.45,44408.55,44164.55,44215.25,0
2023-11-16,44251.7,44420.95,44064.15,44137.55,0
2023-11-17,43656.25,43872.85,43513.85,43545.35,0
2023-11-20,43591.5,43724.0,43450.05,43566.45,0
2023-11-21,43790.95,43790.95,43586.45,43694.95,0
2023-11-22,43663.6,43692.5,43230.95,43454.6,0
2023-11-23,43452.75,43649.65,43451.35,43590.4,0
2023-11-24,43607.35,43806.5,43566.15,43754.6,0
2023-11-28,43851.55,43960.3,43739.8,43943.95,0
2023-11-29,44081.75,44630.35,44003.45,44582.8,0
2023-11-30,44711.2,44764.8,44254.6,44466.3,0
2023-12-01,44580.15,44951.1,44531.75,44815.7,0
2023-12-04,45671.5,46484.45,45484.2,46445.4,0
2023-12-05,46895.9,47230.55,46653.65,46968.95,0
2023-12-06,47256.75,47259.85,46750.2,46801.85,0
2023-12-07,46735.4,46927.7,46507.15,46839.4,0
2023-12-08,46797.2,47303.65,46793.9,47283.75,0
2023-12-11,47233.3,47588.0,47186.6,47299.7,0
2023-12-12,47421.7,47454.0,47004.05,47063.8,0
2023-12-13,47190.75,47201.95,46886.9,47113.3,0
2023-12-14,47567.65,47943.6,47510.85,47751.4,0
2023-12-15,47939.9,48219.95,47632.85,48071.65,0
2023-12-18,48068.5,48076.6,47806.7,47862.05,0
2023-12-19,47940.4,48017.0,47646.05,47845.35,0
2023-12-20,48085.35,48166.15,47202.65,47216.5,0
2023-12-21,47172.45,47932.4,46919.7,47852.7,0
2023-12-22,47837.75,48071.4,47415.85,47458.75,0
2023-12-26,47576.4,47838.45,47411.65,47762.5,0
2023-12-27,47818.5,48347.65,47806.7,48280.55,0
2023-12-28,48479.05,48636.45,48343.15,48484.2,0
2023-12-29,48374.85,48477.7,48091.85,48268.9,0
2024-01-01,48203.45,48450.0,48044.15,48064.3,0
2024-01-02,48194.8,48223.55,47689.8,47710.55,0
2024-01-03,47796.3,47798.75,47481.35,47738.55,0
2024-01-04,47805.4,48281.2,47738.15,48245.8,0
2024-01-05,48245.55,48381.95,47822.85,48089.15,0
2024-01-08,48096.65,48154.5,47387.35,47464.0,0
2024-01-09,47705.4,47939.3,47156.05,47230.95,0
2024-01-10,47073.85,47423.45,47010.8,47359.35,0
2024-01-11,47538.6,47662.1,47237.0,47445.95,0
2024-01-12,47572.7,47873.7,47408.5,47724.65,0
2024-01-15,47891.05,48248.05,47825.4,48223.6,0
2024-01-16,48109.95,48305.4,48002.85,48111.7,0
2024-01-17,46573.95,47212.75,45979.6,46083.5,0
2024-01-18,45492.75,46184.05,45430.7,45762.0,0
2024-01-19,46103.5,46249.85,45558.05,45735.8,0
2024-01-20,45989.25,46183.7,45640.9,46108.8,0
2024-01-23,46495.45,46580.3,44886.1,45006.35,0
2024-01-24,44489.4,45485.5,44489.4,45071.3,0
2024-01-25,45057.95,45139.05,44429.0,44988.5,0
2024-01-29,45171.5,45660.35,45110.9,45499.05,0
2024-01-30,45481.5,45678.7,45206.05,45319.55,0
2024-01-31,45295.65,46179.75,45071.2,45974.0,0
2024-02-01,46164.9,46306.9,45668.35,46206.9,0
2024-02-02,46568.2,46892.35,45901.25,45954.65,0
2024-02-05,45962.25,46048.6,45615.1,45756.65,0
2024-02-06,45891.2,45932.15,45527.0,45774.45,0
2024-02-07,45944.6,46062.85,45620.5,45916.4,0
2024-02-08,45973.85,46181.2,44893.75,45105.45,0
2024-02-09,44986.75,45717.5,44859.15,45706.55,0
2024-02-12,45664.3,45748.5,44633.85,44887.75,0
2024-02-13,45056.8,45750.4,44819.55,45419.85,0
2024-02-14,45014.65,46170.45,44860.75,45920.55,0
2024-02-15,46027.1,46297.7,45590.2,46266.0,0
2024-02-16,46454.3,46693.4,46264.4,46369.75,0
2024-02-19,46554.9,46717.4,46317.7,46556.1,0
2024-02-20,46444.9,47136.75,46367.8,47126.65,0
2024-02-21,47363.4,47363.4,46886.95,46933.6,0
2024-02-22,46934.55,47024.05,46426.85,46944.85,0
2024-02-23,47060.7,47245.35,46723.15,46768.6,0
2024-02-26,46615.85,46893.15,46513.55,46565.6,0
2024-02-27,46480.2,46722.25,46324.9,46613.85,0
2024-02-28,46640.9,46754.55,45852.55,45910.55,0
2024-02-29,45881.45,46329.65,45661.75,46277.0,0
2024-03-01,46218.0,47342.25,46218.0,47255.95,0
2024-03-02,47377.45,47438.6,47237.0,47294.6,0
2024-03-04,47318.5,47529.6,47191.65,47425.65,0
2024-03-05,47265.7,47737.85,47196.75,47582.15,0
2024-03-06,47451.65,48161.25,47442.25,47959.85,0
2024-03-07,48035.8,48071.7,47747.2,47788.0,0
2024-03-11,47792.2,47853.8,47230.65,47280.25,0
2024-03-12,47351.35,47812.75,46884.45,47277.3,0
2024-03-13,47341.15,47468.7,46842.15,46895.2,0
2024-03-14,46825.75,47231.5,46565.55,46834.7,0
2024-03-15,46572.1,46802.55,46310.5,46542.05,0
2024-03-18,46458.75,46739.25,46022.15,46617.9,0
2024-03-19,46421.9,46602.35,46258.75,46333.1,0
2024-03-20,46392.9,46655.55,45828.8,46370.2,0
2024-03-21,46674.85,46990.25,46570.15,46679.25,0
2024-03-22,46634.9,46974.15,46566.8,46849.05,0
2024-03-26,46552.95,46788.35,46529.05,46617.45,0
2024-03-27,46643.45,46956.1,46643.45,46851.15,0
2024-03-28,46827.85,47440.45,46827.85,47146.75,0
2024-04-01,47391.05,47646.8,47373.1,47558.7,0
2024-04-02,47490.75,47707.35,47408.55,47562.6,0
2024-04-03,47350.25,47676.95,47279.8,47661.1,0
2024-04-04,48086.2,48254.65,47712.7,48126.2,0
2024-04-05,48104.65,48557.4,47894.5,48520.95,0
2024-04-08,48586.75,48716.95,48424.65,48565.75,0
2024-04-09,48810.8,48960.75,48568.25,48710.45,0
2024-04-10,48879.55,49057.4,48669.25,48912.0,0
2024-04-12,48671.2,48882.65,48477.55,48477.55,0
2024-04-15,48057.5,48255.5,47725.8,47757.35,0
2024-04-16,47436.7,47609.0,47316.55,47598.25,0
2024-04-18,47592.7,47829.75,46982.15,47131.8,0
2024-04-19,46744.95,47668.7,46579.05,47614.15,0
2024-04-22,48145.7,48146.3,47628.45,47999.85,0
2024-04-23,48299.6,48302.7,47899.3,47935.6,0
2024-04-24,48120.9,48246.2,48028.7,48195.35,0
2024-04-25,47772.65,48625.45,47737.2,48497.3,0
2024-04-26,48660.0,48679.65,48088.25,48284.3,0
2024-04-29,48359.9,49473.6,48342.7,49380.65,0
2024-04-30,49477.1,49974.75,49249.9,49291.35,0
2024-05-02,49262.0,49529.35,49123.6,49243.55,0
2024-05-03,49375.05,49607.75,48659.7,48877.85,0
2024-05-06,49174.55,49252.65,48784.0,48931.85,0
2024-05-07,48965.05,49023.5,48213.75,48275.6,0
2024-05-08,48124.2,48223.05,47851.15,48101.6,0
2024-05-09,47976.35,48258.65,47440.65,47515.45,0
2024-05-10,47555.5,47868.7,47313.35,47440.85,0
2024-05-13,47389.8,47841.6,46983.25,47784.9,0
2024-05-14,47763.5,47937.25,47607.85,47872.0,0
2024-05-15,47923.1,47957.2,47534.5,47710.8,0
2024-05-16,47945.85,48052.9,47340.35,47977.4,0
2024-05-17,47842.95,48188.65,47758.8,48121.35,0
2024-05-18,48197.3,48227.05,48108.15,48204.0,0
2024-05-21,47927.1,48259.75,47927.1,47989.85,0
2024-05-22,48113.9,48114.05,47435.25,47906.05,0
2024-05-23,47899.35,48829.7,47873.15,48737.05,0
2024-05-24,48668.0,49052.95,48644.8,48948.9,0
2024-05-27,49105.9,49688.85,49051.25,49280.2,0
2024-05-28,49390.9,49511.15,49043.65,49060.1,0
2024-05-29,48786.7,49022.6,48401.55,48563.05,0
2024-05-30,48313.6,49044.6,48313.6,48822.85,0
2024-05-31,48895.15,49122.55,48569.05,48967.95,0
2024-06-03,50889.85,51133.2,50092.65,51106.05,0
2024-06-04,50667.05,50667.05,46077.85,47206.25,0
2024-06-05,47486.6,49362.9,46446.8,48847.1,0
2024-06-06,49426.4,49672.75,48906.75,49330.9,0
2024-06-07,49316.95,49943.2,49080.45,49806.6,0
2024-06-10,49808.15,50252.95,49622.75,49689.65,0
2024-06-11,49751.2,49970.3,49530.45,49652.25,0
2024-06-12,49857.45,50233.4,49697.35,49791.6,0
2024-06-13,50179.0,50186.45,49799.65,49889.3,0
2024-06-14,49993.95,50102.6,49693.35,49981.5,0
2024-06-18,50194.35,50562.15,49900.2,50479.3,0
2024-06-19,50607.9,51957.0,50441.75,51450.1,0
2024-06-20,51712.9,51842.2,51281.5,51760.75,0
2024-06-21,51927.3,51934.35,51224.95,51557.5,0
2024-06-24,51280.25,51783.95,51138.9,51709.65,0
2024-06-25,51759.45,52746.5,51747.65,52630.15,0
2024-06-26,52653.2,52988.3,52373.7,52694.5,0
2024-06-27,52980.3,53180.75,52639.0,52759.8,0
2024-06-28,52874.95,53030.3,52242.3,52323.7,0
2024-07-01,52351.15,52656.15,52166.05,52521.45,0
2024-07-02,52793.75,52828.45,51996.65,52148.1,0
2024-07-03,52872.3,53256.7,52482.65,53042.15,0
2024-07-04,53357.7,53357.7,52815.9,53083.75,0
2024-07-05,52560.1,52817.85,52290.05,52633.15,0
2024-07-08,52533.1,52710.8,52246.7,52470.05,0
2024-07-09,52390.5,52626.6,52292.95,52521.4,0
2024-07-10,52528.8,52528.8,52075.4,52217.3,0
2024-07-11,52316.9,52400.3,51749.45,52305.65,0
2024-07-12,52272.65,52794.55,52171.15,52348.7,0
2024-07-15,52330.05,52662.25,52154.0,52484.4,0
2024-07-16,52466.7,52619.05,52331.6,52399.95,0
2024-07-18,52215.05,52782.75,52168.65,52559.25,0
2024-07-19,52531.55,52586.75,52146.3,52222.95,0
2024-07-22,52145.6,52427.0,51874.55,52328.6,0
2024-07-23,52511.0,52547.55,51342.65,51757.15,0
2024-07-24,51657.65,51944.65,50784.25,51429.75,0
2024-07-25,50762.3,51006.1,50559.9,50886.55,0
2024-07-26,50456.1,51398.6,50438.3,51352.75,0
2024-07-29,51546.65,52340.25,51186.95,51389.6,0
2024-07-30,51383.9,51957.75,51260.05,51426.15,0
2024-07-31,51583.45,51663.1,51335.7,51620.8,0
2024-08-01,51672.6,51877.15,51456.2,51606.45,0
2024-08-02,51172.25,51608.7,51087.85,51337.75,0
2024-08-05,50586.25,50747.55,49719.1,50056.0,0
2024-08-06,50436.9,50688.8,49659.05,49770.2,0
2024-08-07,50286.2,50292.45,49782.2,50226.45,0
2024-08-08,50051.9,50440.75,49829.6,50109.45,0
2024-08-09,50612.1,50707.75,50386.45,50481.8,0
2024-08-12,50412.6,50830.7,50149.25,50578.55,0
2024-08-13,50395.35,50559.25,49785.1,49853.7,0
2024-08-14,49887.15,49959.25,49654.65,49746.4,0
2024-08-16,50133.0,50603.4,49806.05,50510.95,0
2024-08-19,50683.55,50728.25,50283.55,50418.85,0
2024-08-20,50417.25,51025.6,50398.6,50719.1,0
2024-08-21,50666.65,50772.45,50333.35,50737.7,0
2024-08-22,50894.8,51080.0,50794.45,50952.65,0
2024-08-23,51040.05,51117.85,50856.7,50961.35,0
2024-08-26,51100.65,51317.85,51061.55,51163.35,0
2024-08-27,51214.05,51404.7,50938.1,51171.5,0
2024-08-28,51208.95,51260.75,51033.7,51049.55,0
2024-08-29,51103.75,51368.95,50984.4,51166.8,0
2024-08-30,51437.45,51466.55,51256.0,51319.55,0
2024-09-02,51579.5,51579.5,51295.8,51431.8,0
2024-09-03,51479.75,51750.1,51240.05,51690.05,0
2024-09-04,51364.65,51503.55,51259.9,51390.6,0
2024-09-05,51544.25,51636.75,51389.15,51445.05,0
2024-09-06,51200.4,51380.05,50447.3,50627.8,0
2024-09-09,50549.25,51192.75,50369.4,51126.55,0
2024-09-10,51328.3,51366.0,50958.25,51277.65,0
2024-09-11,51218.55,51420.15,50947.7,51094.5,0
2024-09-12,51271.0,51878.1,51025.0,51668.05,0
2024-09-13,51952.55,51994.1,51643.95,51896.6,0
2024-09-16,52038.7,52208.7,51921.45,52153.85,0
2024-09-17,52249.05,52284.6,52085.5,52144.65,0
2024-09-18,52177.1,52954.2,52154.55,52633.1,0
2024-09-19,52929.25,53353.3,52847.9,53045.15,0
2024-09-20,53235.8,54066.1,53037.6,53937.15,0
2024-09-23,53917.9,54197.95,53741.4,54076.3,0
2024-09-24,54110.65,54247.7,53904.65,53971.25,0
2024-09-25,53794.0,54141.3,53792.85,54135.75,0
2024-09-26,54045.85,54467.35,54010.9,54281.5,0
2024-09-27,54338.7,54338.7,53763.2,53834.3,0
2024-09-30,53556.95,53726.4,52926.55,52989.7,0
2024-10-01,52844.0,53235.25,52817.8,52980.0,0
2024-10-03,52314.45,52582.95,51683.4,51860.85,0
2024-10-04,51643.75,52358.35,51347.25,51555.75,0
2024-10-07,51543.2,51784.8,50194.3,50617.8,0
2024-10-08,50736.1,51176.05,50466.0,51075.85,0
2024-10-09,51161.75,51707.15,50903.75,51088.2,0
2024-10-10,51195.7,51659.45,51047.0,51533.4,0
2024-10-11,51491.9,51560.0,51005.85,51189.25,0
2024-10-14,51263.25,51893.0,51220.85,51879.05,0
2024-10-15,51975.95,52022.05,51698.75,51945.4,0
2024-10-16,51711.2,52031.6,51711.2,51796.4,0
2024-10-17,51849.3,51930.2,51150.25,51269.55,0
2024-10-18,51261.0,52199.45,51000.9,52138.7,0
2024-10-21,52361.1,52577.5,51855.15,51855.15,0
2024-10-22,52071.35,52257.3,51179.6,51271.6,0
2024-10-23,51117.8,51551.55,51107.9,51241.8,0
2024-10-24,51272.3,51781.55,51201.85,51565.9,0
2024-10-25,51369.75,51501.05,50382.1,50854.7,0
2024-10-28,51061.35,51589.15,51012.55,51328.15,0
2024-10-29,51404.1,52354.85,51278.9,52284.85,0
2024-10-30,51988.7,52220.0,51733.0,51849.2,0
2024-10-31,51649.45,52005.6,51318.1,51555.6,0
2024-11-01,51550.15,51825.5,51459.4,51675.2,0
2024-11-04,51764.5,51764.5,51066.8,51227.2,0
2024-11-05,51052.6,52289.55,50865.45,52105.85,0
2024-11-06,52440.4,52493.95,52185.4,52384.55,0
2024-11-07,52258.95,52377.25,51752.25,51891.9,0
2024-11-08,51869.15,52007.15,51494.0,51532.15,0
2024-11-11,51562.7,52177.7,51294.2,51812.35,0
2024-11-12,52053.75,52169.05,51006.85,51120.6,0
2024-11-13,51030.95,51353.5,49904.4,50290.5,0
2024-11-14,50053.45,50561.8,49939.35,50239.2,0
2024-11-18,50312.45,50445.8,50074.0,50361.85,0
2024-11-19,50580.55,50983.5,50440.85,50466.0,0
2024-11-21,50625.0,50652.15,49787.1,50448.0,0
2024-11-22,50512.8,51271.5,50508.25,51098.55,0
2024-11-25,52046.35,52331.1,51774.05,52199.4,0
2024-11-26,52554.9,52555.5,51999.75,52178.5,0
2024-11-27,52154.3,52444.35,52019.65,52302.55,0
2024-11-28,52389.95,52760.2,51782.9,51983.4,0
2024-11-29,51984.15,52170.9,51759.45,52023.85,0
2024-12-02,52087.65,52197.25,51693.95,52118.35,0
2024-12-03,52357.95,52780.9,52216.85,52661.15,0
2024-12-04,52775.0,53387.1,52685.15,53235.9,0
2024-12-05,53354.45,53888.3,52850.35,53606.75,0
2024-12-06,53634.2,53868.5,53160.65,53493.2,0
2024-12-09,53380.75,53775.1,53326.4,53420.55,0
2024-12-10,53450.05,53624.05,53302.65,53611.1,0
2024-12-11,53459.3,53648.05,53302.15,53392.25,0
2024-12-12,53201.0,53537.45,53174.4,53224.85,0
2024-12-13,53109.8,53654.0,52264.55,53654.0,0
2024-12-16,53502.5,53738.9,53335.0,53490.9,0
2024-12-17,53394.1,53515.7,52709.4,52789.95,0
2024-12-18,52696.95,52827.6,52010.65,52205.45,0
2024-12-19,51428.45,51789.85,51263.75,51610.95,0
2024-12-20,51401.35,51629.0,50609.35,50872.45,0
2024-12-23,51044.4,51417.35,51030.4,51306.9,0
2024-12-24,51314.95,51382.1,51137.5,51288.75,0
2024-12-26,51395.8,51740.0,50951.8,51213.0,0
2024-12-27,51268.2,51628.45,51240.1,51347.75,0
2024-12-30,51255.35,51979.75,50718.35,50899.9,0
2024-12-31,50648.2,50945.55,50599.8,50884.3,0
2025-01-01,50841.9,51321.95,50485.05,51096.05,0
2025-01-02,51084.95,51672.75,50992.8,51605.85,0
2025-01-03,51567.15,51671.6,50904.35,50974.25,0
2025-01-06,50990.65,51026.1,49751.0,49960.2,0
2025-01-07,50061.2,50447.6,49969.3,50183.7,0
2025-01-08,50201.75,50246.9,49389.75,49836.15,0
2025-01-09,49712.55,49798.1,49230.15,49552.7,0
2025-01-10,49426.5,49483.15,48631.2,48779.8,0
2025-01-13,48264.25,48606.35,47898.35,48050.6,0
2025-01-14,48266.9,49007.35,48235.2,48884.6,0
2025-01-15,48832.75,49083.65,48522.4,48783.35,0
2025-01-16,49082.9,49459.0,49038.45,49386.4,0
2025-01-17,48959.5,49047.2,48309.5,48553.85,0
2025-01-20,48862.0,49650.6,48683.6,49334.55,0
2025-01-21,49532.0,49543.15,48430.95,48626.1,0
2025-01-22,48689.55,48781.75,48074.05,48766.4,0
2025-01-23,48770.15,48892.7,48493.0,48595.85,0
2025-01-24,48546.05,48858.65,48203.0,48349.4,0
2025-01-27,47881.65,48319.2,47844.15,48026.3,0
2025-01-28,48642.5,49247.15,48449.05,48886.6,0
2025-01-29,48997.2,49199.65,48849.8,49163.1,0
2025-01-30,49206.2,49426.2,49031.8,49400.5,0
2025-01-31,49259.65,49674.8,49031.8,49614.4,0
2025-02-01,49592.55,50009.5,48925.45,49520.95,0
2025-02-03,49074.8,49373.45,48906.05,49224.05,0
2025-02-04,49538.8,50206.6,49482.5,50111.65,0
2025-02-05,50402.3,50522.15,50215.45,50299.9,0
2025-02-06,50468.35,50553.35,50149.8,50427.1,0
2025-02-07,50484.45,50641.75,49871.15,50204.35,0
